Version,Timestamp,LinesOfCode
v1.0.1,2025-12-20T23:25:38+00:00,29766
v1.0.2,2025-12-21T23:13:34+00:00,29770
v1.0.3,2025-12-24T13:51:02+00:00,29752
v1.0.4,2026-01-02T20:38:20+00:00,29788
v2.0.0,2026-01-11T21:49:25+00:00,29788
v2.0.1,2026-01-11T22:16:16+00:00,29891
v2.0.2,2026-01-25T16:41:49+00:00,29903
v2.0.3,2026-01-25T17:06:26+00:00,29902
v2.0.4,2026-01-25T18:48:49+00:00,29913
v2.0.5,2026-01-25T19:20:49+00:00,29912
v2.0.6,2026-02-10T20:28:32+00:00,29941
v2.0.7,2026-02-10T23:16:49+00:00,29975
v2.0.8,2026-02-11T16:41:48+00:00,29986
v2.0.9,2026-02-17T17:28:01+00:00,30029
v2.0.10,2026-03-01T22:57:30+00:00,30152
v2.0.11,2026-03-08T11:00:30+00:00,30227
v2.0.12,2026-03-28T21:45:10+00:00,30275
v2.0.13,2026-04-27T18:40:27+00:00,30380
v2.0.14,2026-05-02T10:28:19+00:00,30401
v2.0.15,2026-05-06T17:37:32+00:00,30418
v2.0.16,2026-05-10T11:44:46+00:00,30428
v2.0.17,2026-05-23T06:55:08+00:00,30425
v2.0.18,2026-06-04T23:00:49+00:00,30426
v2.0.19,2026-06-06T12:02:24+00:00,30447
v2.0.20,2026-06-13T14:01:42+00:00,30493
v2.0.21,2026-06-13T22:32:57+00:00,30558
v2.0.22,2026-07-12T09:38:12+00:00,30846
v2.0.23,2026-07-12T10:37:22+00:00,30846
v2.0.24,2026-07-19T16:02:16+00:00,30863
v2.0.25,2026-07-31T07:46:03+00:00,30936